{"cameraMode":{"drawMode":0,"name":"Shaded","section":"Shading Mode"},"sceneLighting":true,"audioPlay":false,"sceneViewState":{"m_AlwaysRefresh":false,"showFog":true,"showSkybox":true,"showFlares":true,"showImageEffects":true,"showParticleSystems":true,"showVisualEffectGraphs":true,"m_FxEnabled":true},"in2DMode":false,"pivot":{"x":0.19843079149723054,"y":2.367462635040283,"z":0.16010069847106934},"rotation":{"x":-0.007805466651916504,"y":0.023639243096113206,"z":-0.00020638892601709813,"w":-0.9997532963752747},"size":5.535202980041504,"orthographic":false}