{"cameraMode":{"drawMode":0,"name":"Shaded","section":"Shading Mode"},"sceneLighting":true,"audioPlay":false,"sceneViewState":{"m_AlwaysRefresh":false,"showFog":true,"showSkybox":true,"showFlares":true,"showImageEffects":true,"showParticleSystems":true,"showVisualEffectGraphs":true,"m_FxEnabled":true},"in2DMode":false,"pivot":{"x":-28.81999969482422,"y":2.862783908843994,"z":29.967559814453126},"rotation":{"x":-0.3328302204608917,"y":-0.011655712500214577,"z":0.004107738379389048,"w":-0.9429723024368286},"size":40.29648971557617,"orthographic":false}