{"cameraMode":{"drawMode":0,"name":"Shaded","section":"Shading Mode"},"sceneLighting":true,"audioPlay":false,"sceneViewState":{"m_AlwaysRefresh":false,"showFog":true,"showSkybox":true,"showFlares":true,"showImageEffects":true,"showParticleSystems":true,"showVisualEffectGraphs":true,"m_FxEnabled":true},"in2DMode":false,"pivot":{"x":-0.19938862323760987,"y":2.7135372161865236,"z":80.66097259521485},"rotation":{"x":-0.2638441026210785,"y":-0.005789812188595533,"z":0.0015835784142836929,"w":-0.9645559191703796},"size":19.13435935974121,"orthographic":false}