{"cameraMode":{"drawMode":0,"name":"Shaded","section":"Shading Mode"},"sceneLighting":true,"audioPlay":false,"sceneViewState":{"m_AlwaysRefresh":false,"showFog":true,"showSkybox":true,"showFlares":true,"showImageEffects":true,"showParticleSystems":true,"showVisualEffectGraphs":true,"m_FxEnabled":true},"in2DMode":false,"pivot":{"x":-4.120278835296631,"y":15.975471496582032,"z":1244.8006591796875},"rotation":{"x":-0.15592877566814423,"y":-0.022818077355623246,"z":0.0036028996109962465,"w":-0.9874983429908752},"size":1.4209914207458497,"orthographic":false}