{"cameraMode":{"drawMode":0,"name":"Shaded","section":"Shading Mode"},"sceneLighting":true,"audioPlay":false,"sceneViewState":{"m_AlwaysRefresh":false,"showFog":true,"showSkybox":true,"showFlares":true,"showImageEffects":true,"showParticleSystems":true,"showVisualEffectGraphs":true,"m_FxEnabled":true},"in2DMode":false,"pivot":{"x":1.8614871501922608,"y":-18.94811248779297,"z":499.2558288574219},"rotation":{"x":0.005030366592109203,"y":-0.9447941184043884,"z":0.3274306654930115,"w":0.014455655589699746},"size":35.092735290527347,"orthographic":false}